hotel,night,bookings_held,expected_arrivals,uncertainty,capacity,rooms_to_release,projected_occupancy_%,actual_arrivals,mean_adr,expected_cancellations
City Hotel,2017-05-01,397,223.8,6.69,226,0.0,99.0,202,125.29,173.2
City Hotel,2017-05-02,331,218.4,6.25,226,0.0,96.6,198,127.06,112.6
City Hotel,2017-05-03,414,241.2,6.72,226,0.0,106.7,213,126.1,172.8
City Hotel,2017-05-04,491,241.1,6.78,226,0.0,106.7,216,126.64,249.9
City Hotel,2017-05-05,512,245.4,7.52,226,0.0,108.6,221,125.86,266.6
City Hotel,2017-05-06,487,252.2,7.4,226,0.0,111.6,221,125.28,234.8
City Hotel,2017-05-07,440,249.6,7.18,226,0.0,110.5,213,123.02,190.4
City Hotel,2017-05-08,419,237.2,6.54,226,0.0,104.9,197,122.73,181.8
City Hotel,2017-05-09,388,241.0,6.45,226,0.0,106.6,211,126.37,147.0
City Hotel,2017-05-10,384,257.3,6.83,226,0.0,113.9,218,132.87,126.7
City Hotel,2017-05-11,384,236.8,7.29,226,0.0,104.8,216,135.76,147.2
City Hotel,2017-05-12,359,219.7,7.15,226,0.0,97.2,209,145.45,139.3
City Hotel,2017-05-13,398,229.7,7.31,226,0.0,101.7,213,140.39,168.3
City Hotel,2017-05-14,366,219.5,6.7,226,0.0,97.1,221,137.31,146.5
City Hotel,2017-05-15,475,206.5,6.19,226,9.0,91.4,206,142.28,268.5
City Hotel,2017-05-16,506,221.6,6.31,226,0.0,98.0,222,141.2,284.4
City Hotel,2017-05-17,469,217.9,6.33,226,0.0,96.4,219,145.46,251.1
City Hotel,2017-05-18,341,209.5,6.74,226,5.0,92.7,219,143.76,131.5
City Hotel,2017-05-19,525,217.4,7.33,226,0.0,96.2,222,143.21,307.6
City Hotel,2017-05-20,548,233.4,7.73,226,0.0,103.3,224,148.2,314.6
City Hotel,2017-05-21,454,224.7,7.26,226,0.0,99.4,217,143.22,229.3
City Hotel,2017-05-22,477,251.9,7.59,226,0.0,111.4,223,144.07,225.1
City Hotel,2017-05-23,359,226.4,7.03,226,0.0,100.2,221,141.53,132.6
City Hotel,2017-05-24,394,268.4,7.45,226,0.0,118.7,220,135.24,125.6
City Hotel,2017-05-25,427,269.1,7.6,226,0.0,119.1,224,131.95,157.9
City Hotel,2017-05-26,451,260.3,8.09,226,0.0,115.2,222,135.9,190.7
City Hotel,2017-05-27,425,253.6,8.09,226,0.0,112.2,220,134.44,171.4
City Hotel,2017-05-28,343,187.7,6.82,226,27.0,83.0,191,129.94,155.3
City Hotel,2017-05-29,290,174.1,5.82,226,42.0,77.1,182,128.25,115.9
City Hotel,2017-05-30,390,179.8,5.58,226,36.0,79.6,180,128.62,210.2
City Hotel,2017-05-31,413,204.1,5.73,226,12.0,90.3,199,127.08,208.9
City Hotel,2017-06-01,366,208.0,6.26,226,7.0,92.0,199,129.73,158.0
City Hotel,2017-06-02,413,228.1,6.76,226,0.0,100.9,221,129.2,184.9
City Hotel,2017-06-03,397,222.8,6.74,226,0.0,98.6,214,132.11,174.2
City Hotel,2017-06-04,351,208.9,6.3,226,6.0,92.4,199,131.36,142.1
City Hotel,2017-06-05,346,224.8,6.43,226,0.0,99.5,216,131.77,121.2
City Hotel,2017-06-06,342,223.7,6.68,226,0.0,99.0,219,136.43,118.3
City Hotel,2017-06-07,356,215.4,6.53,226,0.0,95.3,219,135.73,140.6
City Hotel,2017-06-08,504,220.4,7.23,226,0.0,97.5,217,143.51,283.6
City Hotel,2017-06-09,522,218.4,7.51,226,0.0,96.6,217,141.8,303.6
City Hotel,2017-06-10,462,215.4,7.37,226,0.0,95.3,212,143.7,246.6
City Hotel,2017-06-11,342,198.8,6.7,226,16.0,88.0,188,134.13,143.2
City Hotel,2017-06-12,348,199.6,6.95,226,14.0,88.3,200,132.94,148.4
City Hotel,2017-06-13,355,205.8,6.68,226,9.0,91.1,203,129.07,149.2
City Hotel,2017-06-14,344,205.5,6.62,226,9.0,90.9,216,128.1,138.5
City Hotel,2017-06-15,357,203.2,6.44,226,12.0,89.9,217,129.64,153.8
City Hotel,2017-06-16,381,211.2,6.65,226,3.0,93.5,214,124.97,169.8
City Hotel,2017-06-17,461,209.6,6.83,226,5.0,92.7,212,127.43,251.4
City Hotel,2017-06-18,397,198.3,6.32,226,17.0,87.7,192,125.03,198.7
City Hotel,2017-06-19,400,203.1,6.36,226,12.0,89.9,205,127.51,196.9
City Hotel,2017-06-20,442,215.1,7.16,226,0.0,95.2,219,131.48,226.9
City Hotel,2017-06-21,474,224.8,7.22,226,0.0,99.5,223,133.41,249.2
City Hotel,2017-06-22,406,212.2,7.51,226,1.0,93.9,213,134.09,193.8
City Hotel,2017-06-23,421,208.0,7.7,226,5.0,92.0,206,128.77,213.0
City Hotel,2017-06-24,430,202.5,7.46,226,11.0,89.6,205,126.55,227.5
City Hotel,2017-06-25,333,201.1,6.2,226,14.0,89.0,211,124.38,131.9
City Hotel,2017-06-26,349,211.1,6.39,226,4.0,93.4,224,125.07,137.9
City Hotel,2017-06-27,355,195.9,6.8,226,18.0,86.7,199,125.11,159.1
City Hotel,2017-06-28,419,214.3,7.13,226,0.0,94.8,215,122.15,204.7
City Hotel,2017-06-29,434,217.3,7.49,226,0.0,96.1,214,126.02,216.7
City Hotel,2017-06-30,420,194.6,6.96,226,19.0,86.1,213,125.05,225.4
City Hotel,2017-07-01,377,192.6,7.11,226,21.0,85.2,216,124.95,184.4
City Hotel,2017-07-02,344,185.1,7.06,226,29.0,81.9,201,126.22,158.9
City Hotel,2017-07-03,357,204.3,7.23,226,9.0,90.4,208,127.47,152.7
City Hotel,2017-07-04,321,219.6,6.3,226,0.0,97.2,220,122.61,101.4
City Hotel,2017-07-05,344,239.6,6.82,226,0.0,106.0,224,122.98,104.4
City Hotel,2017-07-06,359,220.8,7.9,226,0.0,97.7,217,123.83,138.2
City Hotel,2017-07-07,385,223.8,8.48,226,0.0,99.0,220,121.95,161.2
City Hotel,2017-07-08,387,225.5,8.51,226,0.0,99.8,221,120.71,161.5
City Hotel,2017-07-09,363,219.7,7.64,226,0.0,97.2,219,121.37,143.3
City Hotel,2017-07-10,376,233.7,7.61,226,0.0,103.4,221,124.68,142.3
City Hotel,2017-07-11,387,238.1,7.46,226,0.0,105.4,219,123.76,148.9
City Hotel,2017-07-12,374,237.3,7.27,226,0.0,105.0,225,123.09,136.7
City Hotel,2017-07-13,359,242.1,6.55,226,0.0,107.1,224,123.25,116.9
City Hotel,2017-07-14,359,238.1,6.55,226,0.0,105.4,222,124.56,120.9
City Hotel,2017-07-15,394,235.1,7.78,226,0.0,104.0,215,124.71,158.9
City Hotel,2017-07-16,388,231.3,7.69,226,0.0,102.4,217,124.01,156.7
City Hotel,2017-07-17,370,234.5,7.81,226,0.0,103.7,224,122.27,135.5
City Hotel,2017-07-18,354,223.6,7.47,226,0.0,98.9,224,120.0,130.4
City Hotel,2017-07-19,335,218.8,7.14,226,0.0,96.8,224,119.07,116.2
City Hotel,2017-07-20,334,217.8,7.21,226,0.0,96.4,224,121.97,116.2
City Hotel,2017-07-21,316,211.9,7.15,226,2.0,93.8,215,125.76,104.1
City Hotel,2017-07-22,327,224.9,6.85,226,0.0,99.5,220,126.06,102.1
City Hotel,2017-07-23,343,220.8,6.63,226,0.0,97.7,220,129.43,122.2
City Hotel,2017-07-24,338,210.3,7.1,226,4.0,93.1,211,135.12,127.7
City Hotel,2017-07-25,365,219.1,7.27,226,0.0,97.0,223,136.22,145.9
City Hotel,2017-07-26,355,220.6,7.14,226,0.0,97.6,218,135.7,134.4
City Hotel,2017-07-27,384,233.5,7.58,226,0.0,103.3,223,134.15,150.5
City Hotel,2017-07-28,407,240.9,7.72,226,0.0,106.6,220,131.65,166.1
City Hotel,2017-07-29,416,240.6,8.02,226,0.0,106.4,210,133.85,175.4
City Hotel,2017-07-30,346,214.2,7.41,226,0.0,94.8,191,134.4,131.8
City Hotel,2017-07-31,375,234.3,7.61,226,0.0,103.7,215,133.29,140.7
City Hotel,2017-08-01,378,229.0,7.83,226,0.0,101.3,210,136.94,149.0
City Hotel,2017-08-02,370,235.4,7.69,226,0.0,104.2,223,140.0,134.6
City Hotel,2017-08-03,384,242.2,7.94,226,0.0,107.2,221,137.28,141.8
City Hotel,2017-08-04,386,235.0,8.06,226,0.0,104.0,223,137.83,151.0
City Hotel,2017-08-05,364,219.3,7.79,226,0.0,97.0,212,139.33,144.7
City Hotel,2017-08-06,347,212.8,7.56,226,0.0,94.1,216,138.2,134.2
City Hotel,2017-08-07,357,231.3,7.61,226,0.0,102.3,223,141.98,125.7
City Hotel,2017-08-08,377,230.7,7.89,226,0.0,102.1,225,138.5,146.3
City Hotel,2017-08-09,370,231.5,7.89,226,0.0,102.4,222,142.39,138.5
City Hotel,2017-08-10,377,229.1,8.09,226,0.0,101.4,222,140.47,147.9
City Hotel,2017-08-11,379,228.7,8.14,226,0.0,101.2,222,143.0,150.3
City Hotel,2017-08-12,377,225.7,8.11,226,0.0,99.9,225,141.19,151.3
City Hotel,2017-08-13,349,213.4,7.76,226,0.0,94.4,208,139.92,135.6
City Hotel,2017-08-14,364,227.2,7.88,226,0.0,100.5,223,143.03,136.8
City Hotel,2017-08-15,364,219.4,7.91,226,0.0,97.1,218,142.88,144.6
City Hotel,2017-08-16,393,241.4,8.34,226,0.0,106.8,220,141.81,151.6
City Hotel,2017-08-17,388,236.7,8.24,226,0.0,104.7,221,141.03,151.3
City Hotel,2017-08-18,412,249.3,8.52,226,0.0,110.3,222,140.41,162.7
City Hotel,2017-08-19,413,248.5,8.19,226,0.0,110.0,217,139.14,164.5
City Hotel,2017-08-20,362,221.9,7.34,226,0.0,98.2,220,134.8,140.1
City Hotel,2017-08-21,344,223.8,7.22,226,0.0,99.0,222,132.96,120.2
City Hotel,2017-08-22,335,219.5,7.18,226,0.0,97.1,222,131.87,115.5
City Hotel,2017-08-23,339,221.7,7.27,226,0.0,98.1,223,134.81,117.3
City Hotel,2017-08-24,334,215.8,7.28,226,0.0,95.5,222,136.96,118.2
City Hotel,2017-08-25,327,213.9,6.79,226,0.0,94.7,221,137.91,113.1
City Hotel,2017-08-26,337,221.2,6.74,226,0.0,97.9,223,136.85,115.8
City Hotel,2017-08-27,300,181.3,7.11,226,32.0,80.2,193,135.91,118.7
City Hotel,2017-08-28,300,165.3,7.35,226,48.0,73.1,213,133.65,134.7
City Hotel,2017-08-29,313,162.0,7.57,226,51.0,71.7,212,134.84,151.0
City Hotel,2017-08-30,287,155.8,7.29,226,58.0,68.9,202,131.76,131.2
City Hotel,2017-08-31,312,178.4,7.51,226,35.0,79.0,223,129.82,133.6
Resort Hotel,2017-05-01,275,201.7,5.13,187,0.0,107.9,172,88.2,73.3
Resort Hotel,2017-05-02,246,183.4,4.48,187,0.0,98.1,157,84.13,62.6
Resort Hotel,2017-05-03,288,206.5,4.93,187,0.0,110.4,177,84.6,81.5
Resort Hotel,2017-05-04,310,210.9,5.34,187,0.0,112.8,177,82.69,99.1
Resort Hotel,2017-05-05,316,212.6,5.49,187,0.0,113.7,171,84.63,103.4
Resort Hotel,2017-05-06,275,189.4,5.34,187,0.0,101.3,154,85.86,85.6
Resort Hotel,2017-05-07,215,157.3,4.5,187,22.0,84.1,133,81.82,57.7
Resort Hotel,2017-05-08,248,190.1,4.64,187,0.0,101.7,158,82.04,57.9
Resort Hotel,2017-05-09,279,206.7,5.05,187,0.0,110.6,179,82.8,72.3
Resort Hotel,2017-05-10,274,196.2,5.06,187,0.0,104.9,169,81.97,77.8
Resort Hotel,2017-05-11,263,198.2,4.84,187,0.0,106.0,174,87.03,64.8
Resort Hotel,2017-05-12,263,201.2,4.79,187,0.0,107.6,179,87.81,61.8
Resort Hotel,2017-05-13,254,200.9,4.76,187,0.0,107.4,175,89.32,53.1
Resort Hotel,2017-05-14,245,193.9,4.54,187,0.0,103.7,170,85.16,51.1
Resort Hotel,2017-05-15,235,193.2,4.45,187,0.0,103.3,174,79.18,41.8
Resort Hotel,2017-05-16,240,198.5,4.4,187,0.0,106.1,182,81.5,41.5
Resort Hotel,2017-05-17,237,199.6,4.34,187,0.0,106.7,183,82.39,37.4
Resort Hotel,2017-05-18,246,206.9,4.39,187,0.0,110.6,183,82.44,39.1
Resort Hotel,2017-05-19,246,205.6,4.43,187,0.0,110.0,181,82.73,40.4
Resort Hotel,2017-05-20,244,196.6,4.4,187,0.0,105.1,174,83.41,47.4
Resort Hotel,2017-05-21,240,195.6,4.22,187,0.0,104.6,176,79.7,44.4
Resort Hotel,2017-05-22,254,203.8,4.56,187,0.0,109.0,182,83.56,50.2
Resort Hotel,2017-05-23,242,192.9,4.57,187,0.0,103.1,178,83.87,49.1
Resort Hotel,2017-05-24,239,193.8,4.56,187,0.0,103.7,179,81.23,45.2
Resort Hotel,2017-05-25,263,203.4,4.03,187,0.0,108.7,180,83.85,59.6
Resort Hotel,2017-05-26,264,202.8,4.02,187,0.0,108.5,179,86.01,61.2
Resort Hotel,2017-05-27,265,206.3,4.24,187,0.0,110.3,174,85.67,58.7
Resort Hotel,2017-05-28,265,212.5,5.12,187,0.0,113.6,172,92.66,52.5
Resort Hotel,2017-05-29,264,214.6,5.03,187,0.0,114.7,180,92.65,49.4
Resort Hotel,2017-05-30,279,222.0,5.29,187,0.0,118.7,180,95.01,57.0
Resort Hotel,2017-05-31,303,221.1,5.33,187,0.0,118.2,179,94.08,81.9
Resort Hotel,2017-06-01,271,194.7,5.25,187,0.0,104.1,164,101.42,76.3
Resort Hotel,2017-06-02,299,212.0,5.65,187,0.0,113.4,173,109.01,87.0
Resort Hotel,2017-06-03,325,216.1,5.6,187,0.0,115.6,173,106.86,108.9
Resort Hotel,2017-06-04,293,195.1,5.03,187,0.0,104.3,169,101.97,97.9
Resort Hotel,2017-06-05,297,193.2,5.06,187,0.0,103.3,163,100.6,103.8
Resort Hotel,2017-06-06,291,207.2,5.25,187,0.0,110.8,175,103.25,83.8
Resort Hotel,2017-06-07,276,201.6,5.07,187,0.0,107.8,166,104.0,74.4
Resort Hotel,2017-06-08,288,195.6,5.09,187,0.0,104.6,165,102.18,92.4
Resort Hotel,2017-06-09,286,187.4,5.08,187,0.0,100.2,164,105.17,98.6
Resort Hotel,2017-06-10,272,185.8,5.31,187,0.0,99.4,178,118.69,86.2
Resort Hotel,2017-06-11,279,190.4,5.35,187,0.0,101.8,175,111.09,88.6
Resort Hotel,2017-06-12,283,191.2,5.44,187,0.0,102.2,172,111.1,91.8
Resort Hotel,2017-06-13,269,195.2,5.51,187,0.0,104.4,175,112.1,73.8
Resort Hotel,2017-06-14,281,197.8,5.78,187,0.0,105.8,176,114.68,83.2
Resort Hotel,2017-06-15,289,204.2,5.85,187,0.0,109.2,180,115.56,84.8
Resort Hotel,2017-06-16,301,210.4,6.04,187,0.0,112.5,179,116.06,90.6
Resort Hotel,2017-06-17,304,210.1,6.06,187,0.0,112.3,183,117.78,93.9
Resort Hotel,2017-06-18,278,194.9,5.68,187,0.0,104.2,170,114.54,83.1
Resort Hotel,2017-06-19,289,202.1,5.85,187,0.0,108.1,178,117.47,86.9
Resort Hotel,2017-06-20,290,201.1,5.87,187,0.0,107.5,178,118.31,88.9
Resort Hotel,2017-06-21,299,209.1,5.95,187,0.0,111.8,180,118.82,89.9
Resort Hotel,2017-06-22,304,215.6,6.08,187,0.0,115.3,181,120.63,88.4
Resort Hotel,2017-06-23,297,210.0,5.98,187,0.0,112.3,180,122.56,87.0
Resort Hotel,2017-06-24,303,208.3,6.02,187,0.0,111.4,183,119.26,94.7
Resort Hotel,2017-06-25,301,204.5,5.96,187,0.0,109.3,172,114.83,96.5
Resort Hotel,2017-06-26,308,214.6,5.66,187,0.0,114.8,182,113.46,93.4
Resort Hotel,2017-06-27,309,216.8,5.74,187,0.0,116.0,181,114.22,92.2
Resort Hotel,2017-06-28,294,202.8,5.58,187,0.0,108.4,174,113.05,91.2
Resort Hotel,2017-06-29,301,204.7,5.76,187,0.0,109.5,180,115.93,96.3
Resort Hotel,2017-06-30,300,194.1,6.12,187,0.0,103.8,175,122.21,105.9
Resort Hotel,2017-07-01,309,201.8,6.27,187,0.0,107.9,176,127.79,107.2
Resort Hotel,2017-07-02,293,191.8,6.1,187,0.0,102.5,170,129.87,101.2
Resort Hotel,2017-07-03,305,194.2,6.37,187,0.0,103.9,172,135.42,110.8
Resort Hotel,2017-07-04,314,205.1,6.37,187,0.0,109.7,182,137.82,108.9
Resort Hotel,2017-07-05,313,202.5,6.48,187,0.0,108.3,184,139.85,110.5
Resort Hotel,2017-07-06,307,202.4,6.38,187,0.0,108.3,183,141.53,104.6
Resort Hotel,2017-07-07,304,197.7,6.35,187,0.0,105.7,183,143.14,106.3
Resort Hotel,2017-07-08,309,203.4,6.45,187,0.0,108.8,184,148.07,105.6
Resort Hotel,2017-07-09,301,205.5,6.34,187,0.0,109.9,181,150.77,95.5
Resort Hotel,2017-07-10,293,199.4,6.39,187,0.0,106.6,182,155.93,93.6
Resort Hotel,2017-07-11,293,192.8,6.6,187,0.0,103.1,184,159.53,100.2
Resort Hotel,2017-07-12,290,193.8,6.47,187,0.0,103.6,182,162.39,96.2
Resort Hotel,2017-07-13,290,190.4,6.54,187,0.0,101.8,184,166.55,99.6
Resort Hotel,2017-07-14,276,185.9,6.43,187,0.0,99.4,179,176.25,90.1
Resort Hotel,2017-07-15,274,185.1,6.45,187,0.0,99.0,177,182.96,88.9
Resort Hotel,2017-07-16,263,174.9,6.34,187,1.0,93.5,165,181.01,88.1
Resort Hotel,2017-07-17,290,192.1,6.69,187,0.0,102.7,178,185.84,97.9
Resort Hotel,2017-07-18,296,197.6,6.7,187,0.0,105.7,181,185.16,98.4
Resort Hotel,2017-07-19,289,188.8,6.63,187,0.0,101.0,178,184.31,100.2
Resort Hotel,2017-07-20,291,190.6,6.53,187,0.0,101.9,176,186.12,100.4
Resort Hotel,2017-07-21,290,192.0,6.47,187,0.0,102.7,178,185.87,98.0
Resort Hotel,2017-07-22,301,191.7,6.59,187,0.0,102.5,177,189.73,109.3
Resort Hotel,2017-07-23,293,183.3,6.58,187,0.0,98.0,172,193.13,109.7
Resort Hotel,2017-07-24,313,193.7,6.84,187,0.0,103.6,185,194.88,119.3
Resort Hotel,2017-07-25,312,191.0,6.93,187,0.0,102.1,183,196.09,121.0
Resort Hotel,2017-07-26,318,194.4,7.0,187,0.0,103.9,178,197.05,123.6
Resort Hotel,2017-07-27,326,196.2,7.12,187,0.0,104.9,178,196.99,129.8
Resort Hotel,2017-07-28,329,201.7,7.15,187,0.0,107.9,182,194.99,127.3
Resort Hotel,2017-07-29,313,199.2,6.91,187,0.0,106.5,177,198.46,113.8
Resort Hotel,2017-07-30,291,185.8,6.56,187,0.0,99.4,177,191.89,105.2
Resort Hotel,2017-07-31,285,173.2,6.67,187,2.0,92.6,166,194.79,111.8
Resort Hotel,2017-08-01,318,189.6,7.11,187,0.0,101.4,184,199.34,128.4
Resort Hotel,2017-08-02,317,189.2,7.07,187,0.0,101.2,185,200.8,127.8
Resort Hotel,2017-08-03,320,193.1,7.12,187,0.0,103.3,178,203.23,126.9
Resort Hotel,2017-08-04,336,209.2,7.23,187,0.0,111.9,183,204.95,126.8
Resort Hotel,2017-08-05,318,202.3,6.95,187,0.0,108.2,181,205.71,115.7
Resort Hotel,2017-08-06,313,194.8,6.98,187,0.0,104.2,178,208.22,118.2
Resort Hotel,2017-08-07,332,205.6,7.19,187,0.0,109.9,184,208.54,126.4
Resort Hotel,2017-08-08,317,197.9,6.99,187,0.0,105.8,184,206.9,119.1
Resort Hotel,2017-08-09,315,196.6,7.01,187,0.0,105.1,183,209.02,118.4
Resort Hotel,2017-08-10,304,190.5,6.92,187,0.0,101.9,178,208.11,113.5
Resort Hotel,2017-08-11,297,194.1,6.78,187,0.0,103.8,183,205.57,102.9
Resort Hotel,2017-08-12,296,190.1,6.86,187,0.0,101.6,184,204.56,105.9
Resort Hotel,2017-08-13,290,183.6,6.8,187,0.0,98.2,177,201.89,106.4
Resort Hotel,2017-08-14,300,185.5,6.94,187,0.0,99.2,184,204.76,114.5
Resort Hotel,2017-08-15,290,186.2,6.74,187,0.0,99.6,179,199.44,103.8
Resort Hotel,2017-08-16,290,178.5,6.8,187,0.0,95.5,184,202.98,111.5
Resort Hotel,2017-08-17,319,186.9,7.34,187,0.0,99.9,182,206.29,132.1
Resort Hotel,2017-08-18,321,185.4,7.39,187,0.0,99.2,184,209.9,135.6
Resort Hotel,2017-08-19,327,187.5,7.43,187,0.0,100.3,184,209.25,139.5
Resort Hotel,2017-08-20,320,183.2,7.37,187,0.0,98.0,180,207.36,136.8
Resort Hotel,2017-08-21,315,176.0,7.34,187,0.0,94.1,184,206.44,139.0
Resort Hotel,2017-08-22,311,176.4,7.28,187,0.0,94.3,184,207.27,134.6
Resort Hotel,2017-08-23,296,174.2,7.05,187,1.0,93.2,183,208.15,121.8
Resort Hotel,2017-08-24,299,173.7,6.92,187,1.0,92.9,182,207.7,125.3
Resort Hotel,2017-08-25,292,173.9,6.86,187,1.0,93.0,182,206.61,118.1
Resort Hotel,2017-08-26,294,180.3,6.78,187,0.0,96.4,180,205.42,113.7
Resort Hotel,2017-08-27,287,179.5,6.78,187,0.0,96.0,179,200.99,107.5
Resort Hotel,2017-08-28,299,181.7,7.03,187,0.0,97.2,174,202.22,117.3
Resort Hotel,2017-08-29,295,178.0,6.94,187,0.0,95.2,173,196.76,117.0
Resort Hotel,2017-08-30,283,172.1,6.75,187,3.0,92.1,174,191.42,110.9
Resort Hotel,2017-08-31,271,167.8,6.52,187,8.0,89.7,170,186.61,103.2
